{
  "accuracy": 0.9188356608987556,
  "macro_f1": 0.9054192956287815,
  "per_class_f1": {
    "0": 0.888874589074631,
    "1": 0.9954425692515844,
    "2": 0.9956447236898472,
    "3": 0.9978258545104608,
    "4": 0.9989653573085019,
    "5": 0.9981783762545987,
    "7": 0.9800642179175046,
    "8": 0.9294332723948812,
    "9": 0.9925973839298549,
    "10": 0.9934715546308918,
    "11": 0.9963472281908036,
    "12": 0.9960686204431737,
    "13": 0.927801724137931,
    "14": 0.9964964964964965,
    "15": 0.012943162633652222,
    "16": 0.37112403100775193,
    "17": 0.9893992932862191,
    "18": 0.9772225239905848,
    "19": 0.9927450770165469,
    "20": 0.9880664815949814,
    "21": 0.9976391472313636,
    "22": 0.9956269266614094,
    "23": 0.9276333320644106,
    "24": 0.9810674938496096,
    "25": 0.9745367862173583,
    "26": 0.9534190079905733,
    "27": 0.9889999641692644,
    "28": 0.5141050816609991
  },
  "confusion_matrix": [
    [
      158853,
      0,
      0,
      0,
      0,
      0,
      0,
      0,
      0,
      0,
      0,
      0,
      1,
      0,
      84,
      867,
      0,
      14,
      7,
      0,
      0,
      0,
      47,
      5,
      15,
      36,
      7,
      984
    ],
    [
      20,
      13979,
      1,
      0,
      0,
      0,
      0,
      7,
      0,
      0,
      0,
      0,
      1,
      0,
      0,
      1,
      0,
      0,
      0,
      0,
      0,
      0,
      0,
      0,
      0,
      1,
      0,
      0
    ],
    [
      46,
      0,
      13945,
      0,
      0,
      0,
      0,
      4,
      0,
      0,
      0,
      0,
      7,
      0,
      0,
      0,
      0,
      0,
      0,
      0,
      0,
      0,
      0,
      7,
      0,
      1,
      0,
      0
    ],
    [
      10,
      0,
      0,
      13998,
      0,
      0,
      0,
      0,
      2,
      0,
      0,
      0,
      0,
      0,
      0,
      0,
      0,
      0,
      0,
      0,
      0,
      0,
      0,
      0,
      0,
      0,
      0,
      0
    ],
    [
      10,
      0,
      0,
      0,
      14000,
      0,
      0,
      0,
      0,
      0,
      0,
      0,
      0,
      0,
      0,
      0,
      0,
      0,
      0,
      0,
      0,
      0,
      0,
      0,
      0,
      0,
      0,
      0
    ],
    [
      10,
      0,
      0,
      0,
      0,
      13973,
      0,
      0,
      0,
      0,
      0,
      27,
      0,
      0,
      0,
      0,
      0,
      0,
      0,
      0,
      0,
      0,
      0,
      0,
      0,
      0,
      0,
      0
    ],
    [
      10,
      0,
      0,
      0,
      0,
      0,
      13888,
      6,
      0,
      0,
      0,
      0,
      1,
      0,
      0,
      0,
      0,
      0,
      0,
      0,
      0,
      0,
      0,
      0,
      0,
      105,
      0,
      0
    ],
    [
      149,
      89,
      8,
      0,
      2,
      0,
      4,
      12710,
      0,
      16,
      1,
      6,
      886,
      3,
      0,
      3,
      0,
      6,
      29,
      14,
      0,
      0,
      3,
      46,
      16,
      11,
      0,
      8
    ],
    [
      146,
      0,
      0,
      47,
      0,
      0,
      0,
      0,
      13811,
      0,
      0,
      0,
      0,
      0,
      0,
      0,
      0,
      0,
      0,
      0,
      0,
      0,
      2,
      0,
      0,
      1,
      0,
      3
    ],
    [
      148,
      0,
      0,
      0,
      0,
      0,
      0,
      0,
      0,
      13848,
      0,
      0,
      0,
      0,
      0,
      3,
      0,
      0,
      4,
      0,
      0,
      0,
      0,
      0,
      6,
      0,
      0,
      1
    ],
    [
      50,
      0,
      0,
      0,
      17,
      0,
      0,
      0,
      1,
      0,
      13911,
      0,
      0,
      6,
      0,
      0,
      4,
      0,
      0,
      0,
      0,
      0,
      0,
      5,
      0,
      0,
      15,
      1
    ],
    [
      42,
      0,
      0,
      0,
      0,
      14,
      0,
      0,
      0,
      0,
      0,
      13935,
      0,
      0,
      1,
      0,
      0,
      3,
      0,
      0,
      0,
      0,
      0,
      1,
      0,
      1,
      0,
      13
    ],
    [
      260,
      8,
      48,
      2,
      0,
      0,
      2,
      605,
      1,
      0,
      2,
      2,
      12915,
      0,
      0,
      5,
      0,
      3,
      28,
      5,
      1,
      0,
      2,
      84,
      31,
      2,
      1,
      3
    ],
    [
      25,
      0,
      0,
      0,
      0,
      0,
      0,
      0,
      0,
      0,
      0,
      0,
      0,
      13937,
      0,
      1,
      0,
      0,
      0,
      0,
      0,
      0,
      0,
      0,
      0,
      0,
      47,
      0
    ],
    [
      13540,
      0,
      0,
      0,
      0,
      0,
      0,
      1,
      0,
      0,
      0,
      0,
      0,
      0,
      92,
      94,
      0,
      10,
      0,
      0,
      0,
      0,
      6,
      0,
      2,
      4,
      5,
      256
    ],
    [
      10407,
      0,
      0,
      0,
      0,
      0,
      0,
      0,
      0,
      0,
      0,
      0,
      0,
      1,
      3,
      3447,
      0,
      6,
      0,
      0,
      0,
      0,
      5,
      0,
      3,
      4,
      2,
      132
    ],
    [
      257,
      0,
      0,
      0,
      0,
      0,
      0,
      0,
      1,
      0,
      0,
      0,
      0,
      2,
      0,
      1,
      13720,
      0,
      0,
      0,
      0,
      0,
      2,
      8,
      4,
      5,
      2,
      8
    ],
    [
      490,
      0,
      0,
      0,
      0,
      0,
      0,
      0,
      0,
      0,
      0,
      0,
      0,
      1,
      3,
      2,
      0,
      13493,
      0,
      1,
      0,
      0,
      0,
      0,
      0,
      1,
      1,
      18
    ],
    [
      82,
      0,
      0,
      0,
      0,
      0,
      0,
      5,
      0,
      3,
      0,
      0,
      0,
      0,
      0,
      4,
      0,
      7,
      13889,
      0,
      0,
      0,
      1,
      11,
      6,
      0,
      0,
      2
    ],
    [
      291,
      0,
      0,
      0,
      0,
      0,
      0,
      1,
      0,
      0,
      0,
      0,
      1,
      0,
      0,
      5,
      0,
      0,
      0,
      13703,
      0,
      0,
      0,
      1,
      0,
      2,
      0,
      6
    ],
    [
      64,
      0,
      0,
      0,
      0,
      0,
      0,
      0,
      0,
      0,
      0,
      0,
      0,
      0,
      0,
      0,
      0,
      0,
      0,
      0,
      13945,
      0,
      0,
      0,
      0,
      0,
      1,
      0
    ],
    [
      120,
      0,
      0,
      0,
      0,
      0,
      0,
      0,
      0,
      0,
      0,
      0,
      0,
      0,
      0,
      1,
      0,
      0,
      0,
      0,
      0,
      13888,
      0,
      0,
      1,
      0,
      0,
      0
    ],
    [
      1790,
      0,
      0,
      0,
      0,
      0,
      0,
      0,
      0,
      0,
      0,
      0,
      0,
      1,
      0,
      13,
      0,
      0,
      0,
      0,
      0,
      0,
      12184,
      0,
      0,
      7,
      3,
      12
    ],
    [
      112,
      0,
      0,
      0,
      0,
      0,
      1,
      1,
      0,
      0,
      0,
      0,
      15,
      1,
      0,
      1,
      0,
      3,
      5,
      3,
      0,
      0,
      1,
      13758,
      94,
      7,
      1,
      7
    ],
    [
      362,
      0,
      0,
      0,
      0,
      0,
      0,
      0,
      0,
      0,
      0,
      0,
      1,
      0,
      0,
      16,
      0,
      4,
      9,
      1,
      0,
      0,
      0,
      85,
      13491,
      9,
      2,
      30
    ],
    [
      591,
      0,
      0,
      0,
      0,
      0,
      436,
      0,
      0,
      0,
      0,
      0,
      2,
      0,
      1,
      9,
      0,
      0,
      0,
      0,
      0,
      0,
      1,
      15,
      0,
      12946,
      0,
