{
  "hidden_layers": 3,
  "hidden_dim": 90,
  "lr": 0.0015576740384864313,
  "num_grids": 4,
  "grid_min": -2.9606855490451713,
  "grid_max": 2.1833672718601194
}