{
  "test_accuracy": 0.9247556519965133,
  "val_accuracy": 0.9255438713625994,
  "n_trials": 50,
  "best_trial": 12
}