{
  "test_accuracy": 0.92581279326397,
  "val_accuracy": 0.9254196108978282,
  "n_trials": 50,
  "best_trial": 21
}