{
  "hidden_layers": 1,
  "hidden_dim": 92,
  "lr": 0.0003677936614898916,
  "num_grids": 5,
  "grid_min": -1.8585130740173175,
  "grid_max": 2.9987874626610624
}