{
  "accuracy": 0.9247760529683414,
  "macro_f1": 0.9147319335311164,
  "per_class_f1": {
    "0": 0.8915513778239184,
    "1": 0.9969347020245224,
    "2": 0.9961420304350932,
    "3": 0.997289972899729,
    "4": 0.9976756660110853,
    "5": 0.9973916461214135,
    "7": 0.9996429846483399,
    "8": 0.9750354300664995,
    "9": 0.9923483133958401,
    "10": 0.994257823715188,
    "11": 0.9958586219207426,
    "12": 0.9956765641190553,
    "13": 0.9728433933235536,
    "14": 0.9972453761671377,
    "15": 0.028014281790716838,
    "16": 0.40401832188215697,
    "17": 0.9897679780948263,
    "18": 0.9798940262756769,
    "19": 0.9967815763124016,
    "20": 0.9891829523328766,
    "21": 0.9982481856208215,
    "22": 0.9962745378994126,
    "23": 0.9386146048432513,
    "24": 0.9909897025171625,
    "25": 0.9865718799368088,
    "26": 0.9782711212681829,
    "27": 0.988550026752274,
    "28": 0.5474210406725745
  },
  "confusion_matrix": [
    [
      158015,
      0,
      0,
      0,
      0,
      0,
      0,
      0,
      0,
      0,
      2,
      0,
      1,
      0,
      286,
      1023,
      2,
      5,
      4,
      0,
      0,
      0,
      93,
      4,
      14,
      45,
      74,
      1352
    ],
    [
      20,
      13985,
      0,
      0,
      0,
      0,
      0,
      5,
      0,
      0,
      0,
      0,
      0,
      0,
      0,
      0,
      0,
      0,
      0,
      0,
      0,
      0,
      0,
      0,
      0,
      0,
      0,
      0
    ],
    [
      38,
      0,
      13943,
      0,
      0,
      0,
      0,
      0,
      0,
      0,
      0,
      0,
      25,
      0,
      0,
      0,
      0,
      0,
      0,
      0,
      0,
      0,
      0,
      0,
      0,
      1,
      0,
      3
    ],
    [
      10,
      0,
      0,
      13984,
      0,
      0,
      0,
      0,
      15,
      0,
      0,
      0,
      0,
      0,
      0,
      0,
      0,
      0,
      0,
      0,
      0,
      0,
      1,
      0,
      0,
      0,
      0,
      0
    ],
    [
      10,
      0,
      0,
      0,
      13950,
      0,
      0,
      0,
      0,
      0,
      50,
      0,
      0,
      0,
      0,
      0,
      0,
      0,
      0,
      0,
      0,
      0,
      0,
      0,
      0,
      0,
      0,
      0
    ],
    [
      10,
      0,
      0,
      0,
      0,
      13957,
      0,
      0,
      0,
      0,
      0,
      43,
      0,
      0,
      0,
      0,
      0,
      0,
      0,
      0,
      0,
      0,
      0,
      0,
      0,
      0,
      0,
      0
    ],
    [
      10,
      0,
      0,
      0,
      0,
      0,
      14000,
      0,
      0,
      0,
      0,
      0,
      0,
      0,
      0,
      0,
      0,
      0,
      0,
      0,
      0,
      0,
      0,
      0,
      0,
      0,
      0,
      0
    ],
    [
      147,
      61,
      20,
      0,
      0,
      0,
      0,
      13416,
      0,
      2,
      0,
      0,
      306,
      0,
      0,
      2,
      0,
      0,
      8,
      7,
      0,
      0,
      0,
      14,
      17,
      2,
      2,
      6
    ],
    [
      137,
      0,
      0,
      50,
      0,
      0,
      0,
      0,
      13812,
      0,
      0,
      0,
      0,
      0,
      0,
      0,
      0,
      0,
      0,
      0,
      0,
      0,
      0,
      0,
      0,
      3,
      0,
      8
    ],
    [
      146,
      0,
      0,
      0,
      0,
      0,
      0,
      0,
      0,
      13852,
      0,
      0,
      0,
      0,
      0,
      5,
      0,
      0,
      2,
      0,
      0,
      0,
      1,
      0,
      2,
      1,
      0,
      1
    ],
    [
      43,
      0,
      0,
      0,
      5,
      0,
      0,
      1,
      0,
      0,
      13947,
      0,
      0,
      0,
      0,
      3,
      0,
      0,
      0,
      0,
      0,
      0,
      0,
      1,
      1,
      1,
      8,
      0
    ],
    [
      37,
      0,
      0,
      0,
      0,
      20,
      0,
      0,
      0,
      0,
      0,
      13933,
      0,
      0,
      1,
      0,
      0,
      3,
      0,
      0,
      0,
      0,
      0,
      0,
      0,
      0,
      0,
      16
    ],
    [
      245,
      0,
      21,
      0,
      0,
      0,
      0,
      82,
      0,
      0,
      0,
      0,
      13595,
      0,
      0,
      4,
      4,
      0,
      0,
      0,
      0,
      0,
      0,
      29,
      24,
      0,
      0,
      6
    ],
    [
      21,
      0,
      0,
      0,
      0,
      0,
      0,
      0,
      0,
      0,
      0,
      0,
      0,
      13938,
      0,
      1,
      1,
      0,
      0,
      0,
      0,
      0,
      0,
      0,
      0,
      0,
      49,
      0
    ],
    [
      13315,
      0,
      0,
      0,
      0,
      0,
      0,
      0,
      0,
      0,
      0,
      0,
      2,
      0,
      204,
      124,
      2,
      7,
      1,
      0,
      0,
      0,
      19,
      0,
      3,
      1,
      5,
      327
    ],
    [
      9919,
      0,
      0,
      0,
      0,
      0,
      0,
      1,
      0,
      0,
      0,
      0,
      0,
      0,
      17,
      3881,
      0,
      1,
      0,
      0,
      0,
      0,
      6,
      0,
      1,
      7,
      9,
      168
    ],
    [
      252,
      0,
      0,
      0,
      0,
      0,
      0,
      1,
      0,
      0,
      1,
      0,
      2,
      0,
      1,
      1,
      13736,
      0,
      0,
      0,
      0,
      0,
      0,
      5,
      1,
      0,
      4,
      6
    ],
    [
      485,
      0,
      0,
      0,
      0,
      0,
      0,
      0,
      0,
      0,
      0,
      0,
      0,
      0,
      1,
      3,
      0,
      13500,
      0,
      0,
      0,
      0,
      0,
      0,
      0,
      1,
      1,
      19
    ],
    [
      63,
      0,
      0,
      0,
      0,
      0,
      0,
      0,
      0,
      0,
      0,
      0,
      0,
      0,
      0,
      6,
      0,
      0,
      13937,
      0,
      0,
      0,
      1,
      0,
      1,
      0,
      0,
      2
    ],
    [
      278,
      0,
      0,
      0,
      0,
      0,
      0,
      0,
      0,
      0,
      0,
      0,
      0,
      0,
      3,
      7,
      0,
      0,
      0,
      13717,
      0,
      0,
      0,
      1,
      0,
      0,
      0,
      4
    ],
    [
      48,
      0,
      0,
      0,
      0,
      0,
      0,
      0,
      0,
      0,
      0,
      0,
      0,
      0,
      0,
      0,
      0,
      0,
      0,
      0,
      13961,
      0,
      1,
      0,
      0,
      0,
      0,
      0
    ],
    [
      102,
      0,
      0,
      0,
      0,
      0,
      0,
      0,
      0,
      0,
      0,
      0,
      0,
      0,
      0,
      1,
      0,
      0,
      0,
      0,
      0,
      13906,
      0,
      0,
      0,
      1,
      0,
      0
    ],
    [
      1475,
      0,
      0,
      0,
      0,
      0,
      0,
      0,
      0,
      0,
      0,
      0,
      0,
      0,
      1,
      12,
      0,
      0,
      0,
      0,
      0,
      0,
      12500,
      0,
      1,
      1,
      2,
      18
    ],
    [
      100,
      0,
      0,
      0,
      0,
      0,
      0,
      0,
      0,
      0,
      0,
      0,
      6,
      1,
      0,
      0,
      0,
      1,
      0,
      0,
      0,
      0,
      0,
      13858,
      35,
      4,
      0,
      5
    ],
    [
      207,
      0,
      0,
      0,
      0,
      0,
      0,
      0,
      0,
      0,
      0,
      0,
      0,
      0,
      0,
      11,
      0,
      0,
      1,
      0,
      0,
      0,
      1,
      32,
      13739,
      2,
      1,
      16
    ],
    [
      497,
      0,
      0,
      0,
      0,
      0,
      0,
      3,
      0,
      0,
      0,
      0,
      0,
      0,
      1,
      9,
      0,
      0,
      0,
      0,
      0,
      0,
      0,
      6,
      2,
      13484,
      0,
      8
